MAE,MSE,RMSE,R2,MedianAE,Spearman,Kendall
2.2082871598931972,9.864782206742346,3.0146155701758786,0.5786131051610929,1.4583333333333333,0.7893065525805465,0.6369274115404147
