MAE,MSE,RMSE,R2,MedianAE,Spearman,Kendall
1.9961402177830196,8.930598964732091,2.8376816224225423,0.6216626596657556,1.4583333333333333,0.8108313298328779,0.7203544699481231
